http://cmt#Person	http://ekaw#Person	0.69
http://cmt#ProgramCommitteeChair	http://ekaw#Demo_Chair	0.31
http://cmt#ConferenceMember	http://ekaw#Conference_Participant	0.55
http://cmt#ProgramCommitteeMember	http://ekaw#OC_Member	0.41
http://cmt#User	http://ekaw#Student	0.37
http://cmt#Co-author	http://ekaw#Location	0.2
http://cmt#Review	http://ekaw#Review	0.59
http://cmt#Preference	http://ekaw#Conference_Trip	0.23
http://cmt#Document	http://ekaw#Document	0.57
http://cmt#ExternalReviewer	http://ekaw#Possible_Reviewer	0.44
http://cmt#Decision	http://ekaw#Session	0.33
http://cmt#PaperFullVersion	http://ekaw#Workshop_Paper	0.39
http://cmt#Conference	http://ekaw#Conference	0.49
http://cmt#AssociatedChair	http://ekaw#Tutorial_Chair	0.56
http://cmt#Reviewer	http://ekaw#Presenter	0.47
http://cmt#SubjectArea	http://ekaw#Submitted_Paper	0.21
http://cmt#Paper	http://ekaw#Paper	0.53
http://cmt#PaperAbstract	http://ekaw#Tutorial_Abstract	0.63
http://cmt#Meta-Review	http://ekaw#Positive_Review	0.3
http://cmt#Meta-Reviewer	http://ekaw#Invited_Speaker	0.2
http://cmt#Acceptance	http://ekaw#Research_Institute	0.31
http://cmt#Chairman	http://ekaw#Paper_Author	0.46
http://cmt#ConferenceChair	http://ekaw#Session_Chair	0.6
